"","species","model","edf","dev.expl","r.sq"
"1","fox","1_spatial",771.165673595726,0.351708171563922,0.11710760539318
"2","fox","2_vegetation_type",766.358890951022,0.350233821798412,0.11556907522862
"3","fox","3_habitat_type",763.992459455462,0.34909247252924,0.11395015822357
"4","cat","1_spatial",563.057297913485,0.231478081952143,0.0771819046215027
"5","cat","2_vegetation_type",566.844320169007,0.230114564049946,0.0768971000677359
"6","cat","3_fox_by_habitat_type",588.085559154875,0.23226608865228,0.0788871274844323
